{"cameraMode":{"drawMode":0,"name":"Shaded","section":"Shading Mode"},"sceneLighting":false,"audioPlay":false,"sceneViewState":{"m_AlwaysRefresh":false,"showFog":true,"showSkybox":false,"showFlares":true,"showImageEffects":true,"showParticleSystems":true,"showVisualEffectGraphs":true,"m_FxEnabled":true},"in2DMode":false,"pivot":{"x":522.3985595703125,"y":190.45103454589845,"z":905.2382202148438},"rotation":{"x":-0.048943161964416507,"y":0.7310848236083984,"z":0.052728261798620227,"w":0.678596556186676},"size":1.3643018007278443,"orthographic":false}