{"cameraMode":{"drawMode":0,"name":"Shaded","section":"Shading Mode"},"sceneLighting":false,"audioPlay":false,"sceneViewState":{"m_AlwaysRefresh":false,"showFog":true,"showSkybox":false,"showFlares":true,"showImageEffects":true,"showParticleSystems":true,"showVisualEffectGraphs":true,"m_FxEnabled":true},"in2DMode":false,"pivot":{"x":510.0138244628906,"y":200.99331665039063,"z":921.5987548828125},"rotation":{"x":0.21815548837184907,"y":-0.07106679677963257,"z":0.015916140750050546,"w":0.9732722640037537},"size":0.9590239524841309,"orthographic":false}